Setup title,"I/V Sweep-Solar cell"
Classic test name,"I/V Sweep"
Test date,4/19/2023
Test time,17:04:07
Device ID,
Count,29
Flags,
Remarks,
Context.MainFrame,B1500A
Channel.UnitType,SMU,SMU
Channel.Unit,SMU4:HR,SMU3:HR
Channel.IName,I1,l2
Channel.VName,V1,V2
Channel.Mode,V,COMMON
Channel.Func,VAR1,CONST
Channel.Index,
Channel.Time,
Measurement.Port.Unit,SMU4:HR,SMU3:HR
Measurement.Port.SeriesResistor,NONE,NONE
Measurement.Port.Filter,ON,ON
Measurement.Port.OutputVoltageComparison,0,0
Measurement.Primary.Locus,Single
Measurement.Primary.Scale,LINEAR
Measurement.Primary.Start,-0.2
Measurement.Primary.Stop,1.5
Measurement.Primary.Step,0.01
Measurement.Primary.Compliance,0.0001
Measurement.Primary.PowerCompliance,0
Measurement.Aborting.Condition,"CONTINUE AT ANY"
Measurement.PostOutput.Value,START
Measurement.PostOutput.Retention,OFF
Measurement.Bias.Source,-0.2,0
Measurement.Bias.Compliance,0.0001,0.1
Measurement.Monitor.Unit,SMU4:HR,SMU3:HR
Measurement.Monitor.Adc,"HR ADC","HR ADC"
Measurement.Monitor.Measurement,"Compliance Side","Compliance Side"
Measurement.Monitor.RangingMode,LIMITED,LIMITED
Measurement.Monitor.RangeBoundary,1nA,1nA
Measurement.Monitor.RangeRating,"BY FULL RANGE","BY FULL RANGE"
Measurement.Monitor.RangeRatingCoeff,50,50
Measurement.Timing.Hold,0
Measurement.Timing.Delay,0
Measurement.Adc.HighSpeed.Mode,PLC
Measurement.Adc.HighSpeed.Coeff,6
Measurement.Adc.HighResolution.AutoZero,OFF
Measurement.Adc.HighResolution.Mode,PLC
Measurement.Adc.HighResolution.Coeff,6
Measurement.WaitTime.Source.Coeff,1
Measurement.WaitTime.Source.Offset,0
Measurement.WaitTime.Monitor.Coeff,1
Measurement.WaitTime.Monitor.Offset,0
Output.Graph.Enabled,true
Output.Graph.AutoScaling,false
Output.Graph.XAxis.Data,V1
Output.Graph.XAxis.Scale,Linear
Output.Graph.XAxis.Left,-1
Output.Graph.XAxis.Right,1
Output.Graph.XAxis.RunTimeAutoScale,true
Output.Graph.YAxis.Data,I1
Output.Graph.YAxis.Scale,Linear
Output.Graph.YAxis.Bottom,-0.1
Output.Graph.YAxis.Top,0.1
Output.Graph.YAxis.Group,
Output.Graph.YAxis.RunTimeAutoScale,true
AutoAnalysis.Interpolation,false
AutoAnalysis.Line1.Enabled,false
AutoAnalysis.Line1.Type,1
AutoAnalysis.Line1.Fix,True
AutoAnalysis.Line1.YAxis,0
AutoAnalysis.Line1.Point1.Type,0
AutoAnalysis.Line1.Point1.XY.X,
AutoAnalysis.Line1.Point1.XY.Y,
AutoAnalysis.Line1.Point1.Data.Var,
AutoAnalysis.Line1.Point1.Data.Condition,
AutoAnalysis.Line1.Point1.Data.Start,false
AutoAnalysis.Line1.Point1.Data.StartVar,
AutoAnalysis.Line1.Point1.Data.StartCondition,
AutoAnalysis.Line1.Point2.Type,0
AutoAnalysis.Line1.Point2.XY.X,
AutoAnalysis.Line1.Point2.XY.Y,
AutoAnalysis.Line1.Point2.Data.Var,
AutoAnalysis.Line1.Point2.Data.Condition,
AutoAnalysis.Line1.Point2.Data.Start,false
AutoAnalysis.Line1.Point2.Data.StartVar,
AutoAnalysis.Line1.Point2.Data.StartCondition,
AutoAnalysis.Line1.GradientExpr,0
AutoAnalysis.Line2.Enabled,false
AutoAnalysis.Line2.Type,1
AutoAnalysis.Line2.Fix,True
AutoAnalysis.Line2.YAxis,0
AutoAnalysis.Line2.Point1.Type,0
AutoAnalysis.Line2.Point1.XY.X,
AutoAnalysis.Line2.Point1.XY.Y,
AutoAnalysis.Line2.Point1.Data.Var,
AutoAnalysis.Line2.Point1.Data.Condition,
AutoAnalysis.Line2.Point1.Data.Start,false
AutoAnalysis.Line2.Point1.Data.StartVar,
AutoAnalysis.Line2.Point1.Data.StartCondition,
AutoAnalysis.Line2.Point2.Type,0
AutoAnalysis.Line2.Point2.XY.X,
AutoAnalysis.Line2.Point2.XY.Y,
AutoAnalysis.Line2.Point2.Data.Var,
AutoAnalysis.Line2.Point2.Data.Condition,
AutoAnalysis.Line2.Point2.Data.Start,false
AutoAnalysis.Line2.Point2.Data.StartVar,
AutoAnalysis.Line2.Point2.Data.StartCondition,
AutoAnalysis.Line2.GradientExpr,0
AutoAnalysis.Marker.Enabled,false
AutoAnalysis.Marker.Data.Var,
AutoAnalysis.Marker.Data.Condition,
AutoAnalysis.Marker.Data.Start,false
AutoAnalysis.Marker.Data.StartVar,
AutoAnalysis.Marker.Data.StartCondition,
V1,I1
-0.2,-3.01E-11
-0.19,-1.99E-11
-0.18,-1.93E-11
-0.17,-2.27E-11
-0.16,-1.92E-11
-0.15,-1.99E-11
-0.14,-1.12E-11
-0.13,-1.78E-11
-0.12,-5.9E-12
-0.11,-8.4E-12
-0.1,-1.43E-11
-0.09,-1.29E-11
-0.08,-8.9E-12
-0.07,-7.3E-12
-0.06,-6.5E-12
-0.05,-6.5E-12
-0.04,-6E-12
-0.03,-4.2E-12
-0.02,-6.7E-12
-0.01,-3.2E-12
0,-3.7E-12
0.01,1E-13
0.02,-3.5E-12
0.03,-1.1E-12
0.04,-7.6E-12
0.05,-6.5E-12
0.06,-3.3E-12
0.07,-3E-12
0.08,2E-13
0.09,-1.2E-12
0.1,-6.2E-12
0.11,-9E-13
0.12,-4E-12
0.13,3.6E-12
0.14,-2.1E-12
0.15,7E-13
0.16,-1.9E-12
0.17,-2.7E-12
0.18,-1.1E-12
0.19,-8E-13
0.2,8E-13
0.21,-2E-13
0.22,8E-13
0.23,3E-12
0.24,-4E-13
0.25,-6.2E-12
0.26,-1.7E-12
0.27,-1.4E-12
0.28,5E-12
0.29,-4.3E-12
0.3,1.5E-12
0.31,1.5E-12
0.32,1.5E-12
0.33,-5.9E-12
0.34,6.1E-12
0.35,-2.8E-12
0.36,-1.3E-12
0.37,-4E-13
0.38,4.4E-12
0.39,4.5E-12
0.4,-2E-13
0.41,-1.6E-12
0.42,2.7E-12
0.43,1.4E-12
0.44,4.7E-12
0.45,1E-13
0.46,-1.1E-12
0.47,1E-13
0.48,5.2E-12
0.49,-1.1E-12
0.5,5.8E-12
0.51,4.9E-12
0.52,1.4E-12
0.53,-1E-12
0.54,4.9E-12
0.55,6.7E-12
0.56,7.7E-12
0.57,5E-12
0.58,4.6E-12
0.59,7E-12
0.6,9.1E-12
0.61,-7E-13
0.62,5.3E-12
0.63,5.3E-12
0.64,6.5E-12
0.65,5.6E-12
0.66,3E-12
0.67,5.6E-12
0.68,9E-13
0.69,4.5E-12
0.7,9E-12
0.71,1.1E-11
0.72,2.9E-12
0.73,1.23E-11
0.74,7.2E-12
0.75,6E-12
0.76,7.9E-12
0.77,1.17E-11
0.78,6.4E-12
0.79,1.43E-11
0.8,1.15E-11
0.81,1.25E-11
0.82,1.36E-11
0.83,1.94E-11
0.84,1.08E-11
0.85,1.41E-11
0.86,9E-12
0.87,2.09E-11
0.88,1.59E-11
0.89,1.52E-11
0.9,1.79E-11
0.91,1.5E-11
0.92,1.33E-11
0.93,1.74E-11
0.94,2E-11
0.95,2.11E-11
0.96,2.57E-11
0.97,1.84E-11
0.98,1.9E-11
0.99,2.63E-11
1,3.01E-11
1.01,2.52E-11
1.02,2.43E-11
1.03,2.3E-11
1.04,2.43E-11
1.05,2.7E-11
1.06,2.54E-11
1.07,3.28E-11
1.08,3.17E-11
1.09,3.67E-11
1.1,3.05E-11
1.11,3.75E-11
1.12,3.6E-11
1.13,3.77E-11
1.14,3.92E-11
1.15,4E-11
1.16,3.31E-11
1.17,3.99E-11
1.18,4.73E-11
1.19,4.87E-11
1.2,5.05E-11
1.21,4.6E-11
1.22,4.77E-11
1.23,5.26E-11
1.24,5.22E-11
1.25,5.35E-11
1.26,5.69E-11
1.27,5.93E-11
1.28,5.81E-11
1.29,5.82E-11
1.3,6.63E-11
1.31,6.64E-11
1.32,7.08E-11
1.33,6.57E-11
1.34,6.58E-11
1.35,7.48E-11
1.36,7.53E-11
1.37,7.5E-11
1.38,8.32E-11
1.39,8.02E-11
1.4,8.18E-11
1.41,8.46E-11
1.42,8.97E-11
1.43,9.09E-11
1.44,9.17E-11
1.45,9.61E-11
1.46,9.32E-11
1.47,9.72E-11
1.48,1.002E-10
1.49,1.011E-10
1.5,1.074E-10
