Setup title,"I/V Sweep-Solar cell"
Classic test name,"I/V Sweep"
Test date,4/19/2023
Test time,17:06:44
Device ID,
Count,31
Flags,
Remarks,
Context.MainFrame,B1500A
Channel.UnitType,SMU,SMU
Channel.Unit,SMU4:HR,SMU3:HR
Channel.IName,I1,l2
Channel.VName,V1,V2
Channel.Mode,V,COMMON
Channel.Func,VAR1,CONST
Channel.Index,
Channel.Time,
Measurement.Port.Unit,SMU4:HR,SMU3:HR
Measurement.Port.SeriesResistor,NONE,NONE
Measurement.Port.Filter,ON,ON
Measurement.Port.OutputVoltageComparison,0,0
Measurement.Primary.Locus,Single
Measurement.Primary.Scale,LINEAR
Measurement.Primary.Start,1
Measurement.Primary.Stop,-0.2
Measurement.Primary.Step,-0.01
Measurement.Primary.Compliance,0.0001
Measurement.Primary.PowerCompliance,0
Measurement.Aborting.Condition,"CONTINUE AT ANY"
Measurement.PostOutput.Value,START
Measurement.PostOutput.Retention,OFF
Measurement.Bias.Source,1,0
Measurement.Bias.Compliance,0.0001,0.1
Measurement.Monitor.Unit,SMU4:HR,SMU3:HR
Measurement.Monitor.Adc,"HR ADC","HR ADC"
Measurement.Monitor.Measurement,"Compliance Side","Compliance Side"
Measurement.Monitor.RangingMode,LIMITED,LIMITED
Measurement.Monitor.RangeBoundary,1nA,1nA
Measurement.Monitor.RangeRating,"BY FULL RANGE","BY FULL RANGE"
Measurement.Monitor.RangeRatingCoeff,50,50
Measurement.Timing.Hold,0
Measurement.Timing.Delay,0
Measurement.Adc.HighSpeed.Mode,PLC
Measurement.Adc.HighSpeed.Coeff,6
Measurement.Adc.HighResolution.AutoZero,OFF
Measurement.Adc.HighResolution.Mode,PLC
Measurement.Adc.HighResolution.Coeff,6
Measurement.WaitTime.Source.Coeff,1
Measurement.WaitTime.Source.Offset,0
Measurement.WaitTime.Monitor.Coeff,1
Measurement.WaitTime.Monitor.Offset,0
Output.Graph.Enabled,true
Output.Graph.AutoScaling,false
Output.Graph.XAxis.Data,V1
Output.Graph.XAxis.Scale,Linear
Output.Graph.XAxis.Left,-1
Output.Graph.XAxis.Right,1
Output.Graph.XAxis.RunTimeAutoScale,true
Output.Graph.YAxis.Data,I1
Output.Graph.YAxis.Scale,Linear
Output.Graph.YAxis.Bottom,-0.1
Output.Graph.YAxis.Top,0.1
Output.Graph.YAxis.Group,
Output.Graph.YAxis.RunTimeAutoScale,true
AutoAnalysis.Interpolation,false
AutoAnalysis.Line1.Enabled,false
AutoAnalysis.Line1.Type,1
AutoAnalysis.Line1.Fix,True
AutoAnalysis.Line1.YAxis,0
AutoAnalysis.Line1.Point1.Type,0
AutoAnalysis.Line1.Point1.XY.X,
AutoAnalysis.Line1.Point1.XY.Y,
AutoAnalysis.Line1.Point1.Data.Var,
AutoAnalysis.Line1.Point1.Data.Condition,
AutoAnalysis.Line1.Point1.Data.Start,false
AutoAnalysis.Line1.Point1.Data.StartVar,
AutoAnalysis.Line1.Point1.Data.StartCondition,
AutoAnalysis.Line1.Point2.Type,0
AutoAnalysis.Line1.Point2.XY.X,
AutoAnalysis.Line1.Point2.XY.Y,
AutoAnalysis.Line1.Point2.Data.Var,
AutoAnalysis.Line1.Point2.Data.Condition,
AutoAnalysis.Line1.Point2.Data.Start,false
AutoAnalysis.Line1.Point2.Data.StartVar,
AutoAnalysis.Line1.Point2.Data.StartCondition,
AutoAnalysis.Line1.GradientExpr,0
AutoAnalysis.Line2.Enabled,false
AutoAnalysis.Line2.Type,1
AutoAnalysis.Line2.Fix,True
AutoAnalysis.Line2.YAxis,0
AutoAnalysis.Line2.Point1.Type,0
AutoAnalysis.Line2.Point1.XY.X,
AutoAnalysis.Line2.Point1.XY.Y,
AutoAnalysis.Line2.Point1.Data.Var,
AutoAnalysis.Line2.Point1.Data.Condition,
AutoAnalysis.Line2.Point1.Data.Start,false
AutoAnalysis.Line2.Point1.Data.StartVar,
AutoAnalysis.Line2.Point1.Data.StartCondition,
AutoAnalysis.Line2.Point2.Type,0
AutoAnalysis.Line2.Point2.XY.X,
AutoAnalysis.Line2.Point2.XY.Y,
AutoAnalysis.Line2.Point2.Data.Var,
AutoAnalysis.Line2.Point2.Data.Condition,
AutoAnalysis.Line2.Point2.Data.Start,false
AutoAnalysis.Line2.Point2.Data.StartVar,
AutoAnalysis.Line2.Point2.Data.StartCondition,
AutoAnalysis.Line2.GradientExpr,0
AutoAnalysis.Marker.Enabled,false
AutoAnalysis.Marker.Data.Var,
AutoAnalysis.Marker.Data.Condition,
AutoAnalysis.Marker.Data.Start,false
AutoAnalysis.Marker.Data.StartVar,
AutoAnalysis.Marker.Data.StartCondition,
V1,I1
1,1.338E-10
0.99,9.12E-11
0.98,6.99E-11
0.97,5.76E-11
0.96,6.72E-11
0.95,5.63E-11
0.94,5.48E-11
0.93,3.42E-11
0.92,3.09E-11
0.91,4.19E-11
0.9,3.93E-11
0.89,4.01E-11
0.88,2.48E-11
0.87,1.89E-11
0.86,2.08E-11
0.85,6.7E-12
0.84,2.98E-11
0.83,2.32E-11
0.82,1.12E-11
0.81,4.5E-12
0.8,7.8E-12
0.79,7.2E-12
0.78,1.91E-11
0.77,2.3E-11
0.76,1.46E-11
0.75,2.16E-11
0.74,8.9E-12
0.73,4.5E-12
0.72,-3E-13
0.71,-1.8E-12
0.7,-1.8E-12
0.69,1.09E-11
0.68,1.46E-11
0.67,1.05E-11
0.66,-9E-13
0.65,-4.4E-12
0.64,5.5E-12
0.63,4.8E-12
0.62,1.28E-11
0.61,2.5E-12
0.6,4.2E-12
0.59,-7.1E-12
0.58,-9.1E-12
0.57,4.7E-12
0.56,6.1E-12
0.55,2.5E-12
0.54,4.9E-12
0.53,8E-12
0.52,-9.9E-12
0.51,-1.36E-11
0.5,-1.35E-11
0.49,-1.83E-11
0.48,-1.1E-12
0.47,2E-12
0.46,2.2E-12
0.45,-2.3E-12
0.44,-3.5E-12
0.43,-1.45E-11
0.42,-1.16E-11
0.41,-2.5E-12
0.4,1.4E-12
0.39,-4.4E-12
0.38,-1.58E-11
0.37,-2.05E-11
0.36,-1.02E-11
0.35,-1.73E-11
0.34,-2.18E-11
0.33,-5.7E-12
0.32,-1.7E-12
0.31,-8.1E-12
0.3,-2E-13
0.29,-1.59E-11
0.28,-2.23E-11
0.27,-1.58E-11
0.26,-6E-12
0.25,-1.24E-11
0.24,-1.94E-11
0.23,-7.6E-12
0.22,-6.7E-12
0.21,-1.07E-11
0.2,-1.11E-11
0.19,-4E-12
0.18,-2.23E-11
0.17,-1.789E-10
0.16,-5.47E-10
0.15,-4.764E-10
0.14,-4.606E-10
0.13,-4.3E-10
0.12,-4.236E-10
0.11,-4.192E-10
0.1,-3.904E-10
0.09,-3.761E-10
0.08,-3.555E-10
0.07,-3.671E-10
0.06,-4.029E-10
0.05,-3.61E-10
0.04,-3.744E-10
0.03,-3.566E-10
0.02,-3.823E-10
0.01,-3.861E-10
0,-4.15E-10
-0.01,-3.925E-10
-0.02,-4.006E-10
-0.03,-4.213E-10
-0.04,-4.229E-10
-0.05,-4.359E-10
-0.06,-4.356E-10
-0.07,-4.413E-10
-0.08,-4.461E-10
-0.09,-4.626E-10
-0.1,-4.807E-10
-0.11,-4.865E-10
-0.12,-4.852E-10
-0.13,-4.756E-10
-0.14,-4.921E-10
-0.15,-5.032E-10
-0.16,-5.084E-10
-0.17,-5.173E-10
-0.18,-5.339E-10
-0.19,-5.375E-10
-0.2,-5.323E-10
